email,password,id
ecamplin0@imgur.com,123,60af9dec17f985002112745f 
ltschiersch1@sfgate.com,123,60af9dec17f9850021127460 
jdecourt2@usgs.gov,123,60af9dec17f9850021127461 
cewings3@redcross.org,123,60af9dec17f9850021127462 
egooch4@jiathis.com,123,60af9dec17f9850021127463 
jdwelly5@google.ru,123,60af9dec17f9850021127464 
mmaginot6@examiner.com,123,60af9ded17f9850021127465 
fblint7@msu.edu,123,60af9ded17f9850021127466 
adonke8@dyndns.org,123,60af9ded17f9850021127467 
ayellop9@twitter.com,123,60af9ded17f9850021127468 
ekinnocka@ifeng.com,123,60af9ded17f9850021127469 
bgierokb@uol.com.br,123,60af9ded17f985002112746a 
gjewersc@apache.org,123,60af9ded17f985002112746b 
marmataged@house.gov,123,60af9ded17f985002112746c 
tegdalee@wired.com,123,60af9ded17f985002112746d 
dboutsf@yolasite.com,123,60af9ded17f985002112746e 
jbramhillg@mediafire.com,123,60af9ded17f985002112746f 
lserrellh@geocities.jp,123,60af9ded17f9850021127470 
tmaypotheri@usda.gov,123,60af9ded17f9850021127471 
mwellfarej@jalbum.net,123,60af9ded17f9850021127472 
mdeask@house.gov,123,60af9dee17f9850021127473 
jpingstonl@vinaora.com,123,60af9dee17f9850021127474 
tmenlovem@behance.net,123,60af9dee17f9850021127475 
challockn@nytimes.com,123,60af9dee17f9850021127476 
ywidockso@illinois.edu,123,60af9dee17f9850021127477 
lmedcalfp@netlog.com,123,60af9dee17f9850021127478 
sselbieq@webmd.com,123,60af9dee17f9850021127479 
escanderetr@bing.com,123,60af9dee17f985002112747a 
bgasnolls@amazon.co.uk,123,60af9dee17f985002112747b 
mroxbrought@woothemes.com,123,60af9dee17f985002112747c 
rportchu@independent.co.uk,123,60af9dee17f985002112747d 
atremontanav@kickstarter.com,123,60af9dee17f985002112747e 
nweldrickw@tinyurl.com,123,60af9dee17f985002112747f 
mwauchopex@opensource.org,123,60af9dee17f9850021127480 
cpogsony@vkontakte.ru,123,60af9def17f9850021127481 
rbechleyz@wiley.com,123,60af9def17f9850021127482 
kdallimore10@pinterest.com,123,60af9def17f9850021127483 
pdmtrovic11@simplemachines.org,123,60af9def17f9850021127484 
rstrond12@angelfire.com,123,60af9def17f9850021127485 
yshillan13@wikia.com,123,60af9def17f9850021127486 
acalfe14@angelfire.com,123,60af9def17f9850021127487 
blindstrom15@google.fr,123,60af9def17f9850021127488 
dpauls16@washington.edu,123,60af9def17f9850021127489 
ayurchenko17@wufoo.com,123,60af9def17f985002112748a 
gbutland18@so-net.ne.jp,123,60af9def17f985002112748b 
ncush19@cocolog-nifty.com,123,60af9def17f985002112748c 
cvarnam1a@spiegel.de,123,60af9def17f985002112748d 
dlow1b@ucsd.edu,123,60af9df017f985002112748e 
bcathel1c@elpais.com,123,60af9df017f985002112748f 
lsabati1d@oakley.com,123,60af9df017f9850021127490 
bbromont1e@thetimes.co.uk,123,60af9df017f9850021127491 
twhelpton1f@tripadvisor.com,123,60af9df017f9850021127492 
gclapshaw1g@seesaa.net,123,60af9df017f9850021127493 
kelsop1h@baidu.com,123,60af9df017f9850021127494 
alusher1i@elegantthemes.com,123,60af9df017f9850021127495 
ahazeup1j@disqus.com,123,60af9df017f9850021127496 
mmerrilees1k@sogou.com,123,60af9df017f9850021127497 
awightman1l@hibu.com,123,60af9df017f9850021127498 
mjoint1m@linkedin.com,123,60af9df017f9850021127499 
ccoppledike1n@admin.ch,123,60af9df017f985002112749a 
hmassingham1o@google.cn,123,60af9df117f985002112749b 
ccremen1p@simplemachines.org,123,60af9df117f985002112749c 
skeningley1q@godaddy.com,123,60af9df117f985002112749d 
vfontenot1r@wufoo.com,123,60af9df117f985002112749e 
dstienton1s@netlog.com,123,60af9df117f985002112749f 
lcouth1t@t-online.de,123,60af9df117f98500211274a0 
calyutin1u@ca.gov,123,60af9df117f98500211274a1 
kgrzeszczak1v@wikispaces.com,123,60af9df117f98500211274a2 
mjaukovic1w@dailymotion.com,123,60af9df117f98500211274a3 
icurgenven1x@walmart.com,123,60af9df117f98500211274a4 
shamberston1y@berkeley.edu,123,60af9df117f98500211274a5 
mosgodby1z@list-manage.com,123,60af9df117f98500211274a6 
ftyne20@buzzfeed.com,123,60af9df117f98500211274a7 
cgorrie21@livejournal.com,123,60af9df117f98500211274a8 
stillerton22@123-reg.co.uk,123,60af9df117f98500211274a9 
vhowden23@webeden.co.uk,123,60af9df217f98500211274aa 
ozahor24@mac.com,123,60af9df217f98500211274ab 
kbroyd25@auda.org.au,123,60af9df217f98500211274ac 
proisen26@zimbio.com,123,60af9df217f98500211274ad 
vleyland27@epa.gov,123,60af9df217f98500211274ae 
ppiwall28@mit.edu,123,60af9df217f98500211274af 
gbradder29@slideshare.net,123,60af9df217f98500211274b0 
kdreghorn2a@pcworld.com,123,60af9df217f98500211274b1 
dcust2b@miibeian.gov.cn,123,60af9df217f98500211274b2 
lsollowaye2c@amazon.co.uk,123,60af9df217f98500211274b3 
drothon2d@uiuc.edu,123,60af9df217f98500211274b4 
vnattriss2e@washingtonpost.com,123,60af9df217f98500211274b5 
jmorais2f@kickstarter.com,123,60af9df217f98500211274b6 
mskace2g@toplist.cz,123,60af9df317f98500211274b7 
twroughton2h@comsenz.com,123,60af9df317f98500211274b8 
dwaller2i@mediafire.com,123,60af9df317f98500211274b9 
sbarwood2j@dagondesign.com,123,60af9df317f98500211274ba 
dryle2k@digg.com,123,60af9df317f98500211274bb 
dgarmons2l@guardian.co.uk,123,60af9df317f98500211274bc 
bhorstead2m@delicious.com,123,60af9df317f98500211274bd 
ceberdt2n@sina.com.cn,123,60af9df317f98500211274be 
gbram2o@gmpg.org,123,60af9df317f98500211274bf 
pphidgin2p@mit.edu,123,60af9df317f98500211274c0 
laudritt2q@telegraph.co.uk,123,60af9df317f98500211274c1 
osomerset2r@yahoo.co.jp,123,60af9df317f98500211274c2