email,password,repeatedPassword
ecamplin0@imgur.com,123,123
ltschiersch1@sfgate.com,123,123
jdecourt2@usgs.gov,123,123
cewings3@redcross.org,123,123
egooch4@jiathis.com,123,123
jdwelly5@google.ru,123,123
mmaginot6@examiner.com,123,123
fblint7@msu.edu,123,123
adonke8@dyndns.org,123,123
ayellop9@twitter.com,123,123
ekinnocka@ifeng.com,123,123
bgierokb@uol.com.br,123,123
gjewersc@apache.org,123,123
marmataged@house.gov,123,123
tegdalee@wired.com,123,123
dboutsf@yolasite.com,123,123
jbramhillg@mediafire.com,123,123
lserrellh@geocities.jp,123,123
tmaypotheri@usda.gov,123,123
mwellfarej@jalbum.net,123,123
mdeask@house.gov,123,123
jpingstonl@vinaora.com,123,123
tmenlovem@behance.net,123,123
challockn@nytimes.com,123,123
ywidockso@illinois.edu,123,123
lmedcalfp@netlog.com,123,123
sselbieq@webmd.com,123,123
escanderetr@bing.com,123,123
bgasnolls@amazon.co.uk,123,123
mroxbrought@woothemes.com,123,123
rportchu@independent.co.uk,123,123
atremontanav@kickstarter.com,123,123
nweldrickw@tinyurl.com,123,123
mwauchopex@opensource.org,123,123
cpogsony@vkontakte.ru,123,123
rbechleyz@wiley.com,123,123
kdallimore10@pinterest.com,123,123
pdmtrovic11@simplemachines.org,123,123
rstrond12@angelfire.com,123,123
yshillan13@wikia.com,123,123
acalfe14@angelfire.com,123,123
blindstrom15@google.fr,123,123
dpauls16@washington.edu,123,123
ayurchenko17@wufoo.com,123,123
gbutland18@so-net.ne.jp,123,123
ncush19@cocolog-nifty.com,123,123
cvarnam1a@spiegel.de,123,123
dlow1b@ucsd.edu,123,123
bcathel1c@elpais.com,123,123
lsabati1d@oakley.com,123,123
bbromont1e@thetimes.co.uk,123,123
twhelpton1f@tripadvisor.com,123,123
gclapshaw1g@seesaa.net,123,123
kelsop1h@baidu.com,123,123
alusher1i@elegantthemes.com,123,123
ahazeup1j@disqus.com,123,123
mmerrilees1k@sogou.com,123,123
awightman1l@hibu.com,123,123
mjoint1m@linkedin.com,123,123
ccoppledike1n@admin.ch,123,123
hmassingham1o@google.cn,123,123
ccremen1p@simplemachines.org,123,123
skeningley1q@godaddy.com,123,123
vfontenot1r@wufoo.com,123,123
dstienton1s@netlog.com,123,123
lcouth1t@t-online.de,123,123
calyutin1u@ca.gov,123,123
kgrzeszczak1v@wikispaces.com,123,123
mjaukovic1w@dailymotion.com,123,123
icurgenven1x@walmart.com,123,123
shamberston1y@berkeley.edu,123,123
mosgodby1z@list-manage.com,123,123
ftyne20@buzzfeed.com,123,123
cgorrie21@livejournal.com,123,123
stillerton22@123-reg.co.uk,123,123
vhowden23@webeden.co.uk,123,123
ozahor24@mac.com,123,123
kbroyd25@auda.org.au,123,123
proisen26@zimbio.com,123,123
vleyland27@epa.gov,123,123
ppiwall28@mit.edu,123,123
gbradder29@slideshare.net,123,123
kdreghorn2a@pcworld.com,123,123
dcust2b@miibeian.gov.cn,123,123
lsollowaye2c@amazon.co.uk,123,123
drothon2d@uiuc.edu,123,123
vnattriss2e@washingtonpost.com,123,123
jmorais2f@kickstarter.com,123,123
mskace2g@toplist.cz,123,123
twroughton2h@comsenz.com,123,123
dwaller2i@mediafire.com,123,123
sbarwood2j@dagondesign.com,123,123
dryle2k@digg.com,123,123
dgarmons2l@guardian.co.uk,123,123
bhorstead2m@delicious.com,123,123
ceberdt2n@sina.com.cn,123,123
gbram2o@gmpg.org,123,123
pphidgin2p@mit.edu,123,123
laudritt2q@telegraph.co.uk,123,123
osomerset2r@yahoo.co.jp,123,123